{"cameraMode":{"drawMode":0,"name":"Shaded","section":"Shading Mode"},"sceneLighting":false,"audioPlay":false,"sceneViewState":{"m_AlwaysRefresh":false,"showFog":true,"showSkybox":false,"showFlares":true,"showImageEffects":true,"showParticleSystems":true,"showVisualEffectGraphs":true,"m_FxEnabled":true},"in2DMode":false,"pivot":{"x":0.2993934154510498,"y":2.212400436401367,"z":49.1066780090332},"rotation":{"x":0.0023153789807111027,"y":-0.9975353479385376,"z":-0.057218581438064578,"w":-0.042534973472356799},"size":3.593304395675659,"orthographic":false}